access_point,building
AXAP01,Alexander
AXAP02,Alexander
AXAP03,Alexander
AXAP04,Alexander
AXAP05,Alexander
AXAP06,Alexander
AXAP07,Alexander
AXAP08,Alexander
AXAP09,Alexander
AXAP10,Alexander
AXAP11,Alexander
AXAP12,Alexander
AXAP13,Alexander
AXAP14,Alexander
AXAP15,Alexander
AXAP16,Alexander
AXAP17,Alexander
AXAP18,Alexander
AXAP19,Alexander
AXAP20,Alexander
AXAP21,Alexander
AXAP22,Alexander
AXAP23,Alexander
AXAP24,Alexander
AXAP25,Alexander
AXAP26,Alexander
AXAP27,Alexander
AXAP28,Alexander
AXAP29,Alexander
AXAP30,Alexander
AXAP31,Alexander
AXAP32,Alexander
AXAP33,Alexander
AXAP34,Alexander
AXAP35,Alexander
AXAP36,Alexander
AXAP37,Alexander
AXAP38,Alexander
AXAP39,Alexander
AXAP40,Alexander
BKAP01,Babcock
BKAP02,Babcock
BKAP03,Babcock
BKAP04,Babcock
BKAP05,Babcock
BKAP06,Babcock
BKAP07,Babcock
BKAP08,Babcock
BKAP09,Babcock
BKAP10,Babcock
BKAP100,Babcock
BKAP101,Babcock
BKAP102,Babcock
BKAP11,Babcock
BKAP12,Babcock
BKAP13,Babcock
BKAP14,Babcock
BKAP15,Babcock
BKAP16,Babcock
BKAP17,Babcock
BKAP18,Babcock
BKAP19,Babcock
BKAP20,Babcock
BKAP21,Babcock
BKAP22,Babcock
BKAP23,Babcock
BKAP24,Babcock
BKAP25,Babcock
BKAP26,Babcock
BKAP27,Babcock
BKAP28,Babcock
BKAP29,Babcock
BKAP30,Babcock
BKAP31,Babcock
BKAP32,Babcock
BKAP33,Babcock
BKAP34,Babcock
BKAP35,Babcock
BKAP36,Babcock
BKAP37,Babcock
BKAP38,Babcock
BKAP39,Babcock
BKAP40,Babcock
BKAP41,Babcock
BKAP42,Babcock
BKAP43,Babcock
BKAP44,Babcock
BKAP45,Babcock
BKAP46,Babcock
BKAP47,Babcock
BKAP48,Babcock
BKAP49,Babcock
BKAP50,Babcock
BKAP51,Babcock
BKAP52,Babcock
BKAP53,Babcock
BKAP54,Babcock
BKAP55,Babcock
BKAP56,Babcock
BKAP57,Babcock
BKAP58,Babcock
BKAP59,Babcock
BKAP60,Babcock
BKAP61,Babcock
BKAP62,Babcock
BKAP63,Babcock
BKAP64,Babcock
BKAP65,Babcock
BKAP66,Babcock
BKAP67,Babcock
BKAP68,Babcock
BKAP69,Babcock
BKAP70,Babcock
BKAP71,Babcock
BKAP72,Babcock
BKAP73,Babcock
BKAP74,Babcock
BKAP75,Babcock
BKAP76,Babcock
BKAP77,Babcock
BKAP78,Babcock
BKAP79,Babcock
BKAP80,Babcock
BKAP81,Babcock
BKAP82,Babcock
BKAP83,Babcock
BKAP84,Babcock
BKAP85,Babcock
BKAP86,Babcock
BKAP87,Babcock
BKAP88,Babcock
BKAP89,Babcock
BKAP90,Babcock
BKAP91,Babcock
BKAP92,Babcock
BKAP93,Babcock
BKAP94,Babcock
BKAP95,Babcock
BKAP96,Babcock
BKAP97,Babcock
BKAP98,Babcock
BKAP99,Babcock
BTAP01,Cole
BTAP02,Cole
BTAP03,Cole
BTAP04,Cole
BTAP05,Barton
BTAP06,Barton
BTAP07,Barton
BTAP08,Barton
BTAP09,Barton
BTAP10,Barton
BTAP11,Barton
BTAP12,Barton
BTAP13,Barton
BTAP14,Cole
BTAP15,Cole
CDAP01,
CDAP02,
CDAP03,
CDAP04,
CHAP01,Christensen
CHAP02,Christensen
CHAP03,Christensen
CHAP04,Christensen
CHAP05,Christensen
CHAP06,Christensen
CHAP07,Christensen
CHAP08,Christensen
CHAP09,Christensen
CHAP10,Christensen
CHAP100,Christensen
CHAP101,Christensen
CHAP102,Christensen
CHAP103,Christensen
CHAP104,Christensen
CHAP105,Christensen
CHAP106,Christensen
CHAP107,Christensen
CHAP108,Christensen
CHAP109,Christensen
CHAP11,Christensen
CHAP110,Christensen
CHAP111,Christensen
CHAP112,Christensen
CHAP113,Christensen
CHAP114,Christensen
CHAP115,Christensen
CHAP116,Christensen
CHAP117,Christensen
CHAP118,Christensen
CHAP119,Christensen
CHAP12,Christensen
CHAP120,Christensen
CHAP121,Christensen
CHAP122,Christensen
CHAP123,Christensen
CHAP124,Christensen
CHAP125,Christensen
CHAP126,Christensen
CHAP127,Christensen
CHAP128,Christensen
CHAP129,Christensen
CHAP13,Christensen
CHAP130,Christensen
CHAP131,Christensen
CHAP132,Christensen
CHAP133,Christensen
CHAP134,Christensen
CHAP135,Christensen
CHAP136,Christensen
CHAP137,Christensen
CHAP138,Christensen
CHAP139,Christensen
CHAP14,Christensen
CHAP140,Christensen
CHAP15,Christensen
CHAP16,Christensen
CHAP17,Christensen
CHAP18,Christensen
CHAP19,Christensen
CHAP20,Christensen
CHAP21,Christensen
CHAP22,Christensen
CHAP23,Christensen
CHAP24,Christensen
CHAP25,Christensen
CHAP26,Christensen
CHAP27,Christensen
CHAP28,Christensen
CHAP29,Christensen
CHAP30,Christensen
CHAP31,Christensen
CHAP32,Christensen
CHAP33,Christensen
CHAP34,Christensen
CHAP35,Christensen
CHAP36,Christensen
CHAP37,Christensen
CHAP38,Christensen
CHAP39,Christensen
CHAP40,Christensen
CHAP41,Christensen
CHAP42,Christensen
CHAP43,Christensen
CHAP44,Christensen
CHAP45,Christensen
CHAP46,Christensen
CHAP47,Christensen
CHAP48,Christensen
CHAP49,Christensen
CHAP50,Christensen
CHAP51,Christensen
CHAP52,Christensen
CHAP53,Christensen
CHAP54,Christensen
CHAP55,Christensen
CHAP56,Christensen
CHAP57,Christensen
CHAP58,Christensen
CHAP59,Christensen
CHAP60,Christensen
CHAP61,Christensen
CHAP62,Christensen
CHAP63,Christensen
CHAP64,Christensen
CHAP65,Christensen
CHAP66,Christensen
CHAP67,Christensen
CHAP68,Christensen
CHAP69,Christensen
CHAP70,Christensen
CHAP71,Christensen
CHAP72,Christensen
CHAP73,Christensen
CHAP74,Christensen
CHAP75,Christensen
CHAP76,Christensen
CHAP78,Christensen
CHAP79,Christensen
CHAP80,Christensen
CHAP81,Christensen
CHAP82,Christensen
CHAP83,Christensen
CHAP84,Christensen
CHAP85,Christensen
CHAP86,Christensen
CHAP87,Christensen
CHAP88,Christensen
CHAP89,Christensen
CHAP90,Christensen
CHAP91,Christensen
CHAP92,Christensen
CHAP93,Christensen
CHAP94,Christensen
CHAP95,Christensen
CHAP96,Christensen
CHAP97,Christensen
CHAP98,Christensen
CHAP99,Christensen
CNAP01,Conant
CNAP02,Conant
CNAP03,Conant
CNAP04,Conant
CNAP05,Conant
CNAP06,Conant
CNAP07,Conant
CNAP08,Conant
CNAP09,Conant
CNAP10,Conant
CNAP11,Conant
CNAP12,Conant
CNAP13,Conant
CNAP14,Conant
CNAP15,Conant
CNAP16,Conant
CNAP17,Conant
CNAP18,Conant
CNAP19,Conant
CNAP20,Conant
CNAP21,Conant
CNAP22,Conant
CNAP23,Conant
CNAP24,Conant
CNAP25,Conant
CNAP26,Conant
CNAP27,Conant
CRAP01,
CRAP02,
CRAP03,
CRAP04,
CSAP01,
CTAP01,Craft
CTAP02,Craft
CTAP03,Craft
CVAP01,Congreve
CVAP02,Congreve
CVAP03,Congreve
CVAP04,Congreve
CVAP05,Congreve
CVAP06,Congreve
CVAP07,Congreve
CVAP08,Congreve
CVAP09,Congreve
CVAP10,Congreve
CVAP11,Congreve
CVAP12,Congreve
CVAP13,Congreve
CVAP14,Congreve
CVAP15,Congreve
CVAP16,Congreve
CVAP17,Congreve
CVAP18,Congreve
CVAP19,Congreve
CVAP20,Congreve
CVAP21,Congreve
CVAP22,Congreve
CVAP23,Congreve
CVAP24,Congreve
CVAP25,Congreve
CVAP26,Congreve
CVAP27,Congreve
CVAP28,Congreve
CVAP29,Congreve
CVAP30,Congreve
CVAP31,Congreve
CVAP32,Congreve
CVAP33,Congreve
CVAP34,Congreve
CVAP35,Congreve
CVAP36,Congreve
CVAP37,Congreve
CVAP38,Congreve
CVAP39,Congreve
CVAP40,Congreve
CVAP41,Congreve
CVAP42,Congreve
CVAP43,Congreve
CVAP44,Congreve
CVAP45,Congreve
CVAP46,Congreve
CVAP47,Congreve
CVAP48,Congreve
CVAP49,Congreve
CVAP50,Congreve
CVAP51,Congreve
CVAP52,Congreve
CVAP53,Congreve
CVAP54,Congreve
CVAP55,Congreve
CVAP56,Congreve
CVAP57,Congreve
CVAP58,Congreve
CVAP59,Congreve
CVAP60,Congreve
CVAP61,Congreve
CVAP62,Congreve
CVAP63,Congreve
CVAP64,Congreve
CVAP65,Congreve
CVAP66,Congreve
CVAP67,Congreve
CVAP68,Congreve
CVAP69,Congreve
CVAP70,Congreve
CVAP71,Congreve
CVAP72,Congreve
CVAP73,Congreve
CVAP74,Congreve
CVAP75,Congreve
CVAP76,Congreve
CVAP77,Congreve
CVAP78,Congreve
CVAP79,Congreve
CVAP80,Congreve
CVAP81,Congreve
CVAP82,Congreve
CVAP83,Congreve
CVAP84,Congreve
CVAP85,Congreve
CVAP86,Congreve
CVAP87,Congreve
CVAP88,Congreve
DAAP01,Dairy Bar
DBAP01,Dairy Bar
DLAP08,Dimond Library
DLAP09,Dimond Library
DLAP10,Dimond Library
DLAP11,Dimond Library
DLAP12,Dimond Library
DLAP13,Dimond Library
DLAP14,Dimond Library
DLAP15,Dimond Library
DLAP16,Dimond Library
DLAP17,Dimond Library
DLAP18,Dimond Library
DLAP19,Dimond Library
DLAP20,Dimond Library
DLAP21,Dimond Library
DLAP22,Dimond Library
DLAP23,Dimond Library
DLAP24,Dimond Library
DLAP25,Dimond Library
DLAP26,Dimond Library
DLAP27,Dimond Library
DLAP28,Dimond Library
DLAP29,Dimond Library
DLAP30,Dimond Library
DLAP31,Dimond Library
DLAP32,Dimond Library
DLAP33,Dimond Library
DLAP34,Dimond Library
DLAP35,Dimond Library
DLAP36,Dimond Library
DLAP37,Dimond Library
DLAP38,Dimond Library
DLAP39,Dimond Library
DLAP40,Dimond Library
DLAP41,Dimond Library
DLAP42,Dimond Library
DLAP43,Dimond Library
DLAP44,Dimond Library
DLAP45,Dimond Library
DLAP46,Dimond Library
DLAP47,Dimond Library
DLAP48,Dimond Library
DLAP49,Dimond Library
DLAP50,Dimond Library
DLAP51,Dimond Library
DLAP52,Dimond Library
DLAP53,Dimond Library
DLAP54,Dimond Library
DLAP55,Dimond Library
DLAP56,Dimond Library
DLAP57,Dimond Library
DLAP58,Dimond Library
DLAP59,Dimond Library
DLAP60,Dimond Library
DLAP61,Dimond Library
DLAP62,Dimond Library
DLAP63,Dimond Library
DLAP64,Dimond Library
DLAP65,Dimond Library
DLAP66,Dimond Library
DLAP67,Dimond Library
DLAP68,Dimond Library
DLAP69,Dimond Library
DLAP70,Dimond Library
DLAP71,Dimond Library
DLAP72,Dimond Library
DLAP73,Dimond Library
DLAP74,Dimond Library
DLAP75,Dimond Library
DLAP76,Dimond Library
DLAP77,Dimond Library
DMAP01,DeMeritt
DMAP02,DeMeritt
DMAP03,DeMeritt
DMAP04,DeMeritt
DMAP05,DeMeritt
DMAP06,DeMeritt
DMAP07,DeMeritt
DMAP08,DeMeritt
DMAP09,DeMeritt
DMAP10,DeMeritt
DMAP11,DeMeritt
DMAP12,DeMeritt
DMAP13,DeMeritt
DMAP14,DeMeritt
DMAP15,DeMeritt
DMAP16,DeMeritt
DMAP17,DeMeritt
DMAP18,DeMeritt
DMAP19,DeMeritt
DMAP20,DeMeritt
DMAP21,DeMeritt
DMAP22,DeMeritt
DMAP23,DeMeritt
DMAP24,DeMeritt
DMAP25,DeMeritt
DMAP26,DeMeritt
DMAP27,DeMeritt
DMAP28,DeMeritt
DMAP29,DeMeritt
DMAP30,DeMeritt
DMAP31,DeMeritt
DMAP32,DeMeritt
DMAP33,DeMeritt
DMAP34,DeMeritt
DMAP35,DeMeritt
DPAP01,
DPAP02,
DRAP01,
DVAP01,Devine
DVAP02,Devine
DVAP03,Devine
DVAP04,Devine
DVAP05,Devine
DVAP06,Devine
DVAP07,Devine
DVAP08,Devine
DVAP09,Devine
DVAP10,Devine
DVAP11,Devine
DVAP12,Devine
DVAP13,Devine
DVAP14,Devine
DVAP15,Devine
DVAP16,Devine
DVAP17,Devine
DVAP18,Devine
DVAP19,Devine
DVAP20,Devine
DVAP21,Devine
DVAP22,Devine
DVAP23,Devine
DVAP24,Devine
DVAP25,Devine
DVAP26,Devine
DVAP27,Devine
DVAP28,Devine
DVAP29,Devine
DVAP30,Devine
DVAP31,Devine
DVAP32,Devine
DVAP33,Devine
DVAP34,Devine
DVAP35,Devine
DVAP36,Devine
DVAP37,Devine
DVAP38,Devine
DVAP39,Devine
DVAP40,Devine
DVAP41,Devine
DVAP42,Devine
DVAP43,Devine
DVAP44,Devine
DVAP45,Devine
DVAP46,Devine
DVAP47,Devine
DVAP48,Devine
DVAP49,Devine
DVAP50,Devine
DVAP51,Devine
DVAP52,Devine
DVAP53,Devine
DVAP54,Devine
DVAP55,Devine
DVAP56,Devine
DVAP57,Devine
DVAP58,Devine
DVAP59,Devine
DVAP60,Devine
DVAP61,Devine
DVAP62,Devine
DVAP63,Devine
DVAP64,Devine
DVAP65,Devine
EAAP01,
EAAP02,
EAAP03,
EAAP06,
EAAP09,
EAAP10,
EDAP06,
ENAP01,Eaton House
ENAP02,Eaton House
ENAP03,Eaton House
ENAP04,Eaton House
ENAP05,Eaton House
ENAP06,Eaton House
ENAP07,Eaton House
ENAP08,Eaton House
ENAP09,Eaton House
ENAP10,Eaton House
ENAP11,Eaton House
ENAP12,Eaton House
ENAP13,Eaton House
EQAP01,
ETAP01,Engelhardt
ETAP02,Engelhardt
ETAP03,Engelhardt
ETAP04,Engelhardt
ETAP05,Engelhardt
ETAP06,Engelhardt
ETAP07,Engelhardt
ETAP08,Engelhardt
ETAP09,Engelhardt
ETAP10,Engelhardt
ETAP11,Engelhardt
ETAP12,Engelhardt
ETAP13,Engelhardt
ETAP14,Engelhardt
ETAP15,Engelhardt
ETAP16,Engelhardt
ETAP17,Engelhardt
ETAP18,Engelhardt
ETAP19,Engelhardt
ETAP20,Engelhardt
ETAP21,Engelhardt
ETAP22,Engelhardt
ETAP23,Engelhardt
ETAP24,Engelhardt
ETAP25,Engelhardt
ETAP26,Engelhardt
ETAP27,Engelhardt
ETAP28,Engelhardt
ETAP29,Engelhardt
ETAP30,Engelhardt
ETAP31,Engelhardt
ETAP32,Engelhardt
ETAP33,Engelhardt
ETAP34,Engelhardt
ETAP35,Engelhardt
ETAP36,Engelhardt
ETAP37,Engelhardt
ETAP38,Engelhardt
ETAP39,Engelhardt
EVAP01,
FBAP05,
FCAP01,Fairchild
FCAP02,Fairchild
FCAP03,Fairchild
FCAP04,Fairchild
FCAP05,Fairchild
FCAP06,Fairchild
FCAP07,Fairchild
FCAP08,Fairchild
FCAP09,Fairchild
FCAP10,Fairchild
FCAP11,Fairchild
FCAP12,Fairchild
FCAP13,Fairchild
FCAP14,Fairchild
FCAP15,Fairchild
FCAP16,Fairchild
FCAP17,Fairchild
FCAP18,Fairchild
FCAP19,Fairchild
FCAP20,Fairchild
FCAP21,Fairchild
FCAP22,Fairchild
FCAP23,Fairchild
FCAP24,Fairchild
FCAP25,Fairchild
FCAP26,Fairchild
FCAP27,Fairchild
FCAP28,Fairchild
FCAP29,Fairchild
FCAP30,Fairchild
FCAP31,Fairchild
FCAP32,Fairchild
FCAP33,Fairchild
FCAP34,Fairchild
FCAP35,Fairchild
FCAP36,Fairchild
FHAP01,Field House
FHAP02,Field House
FHAP03,Field House
FHAP04,Field House
FHAP05,Field House
FHAP06,Field House
FHAP07,Field House
FHAP08,Field House
FHAP09,Field House
FHAP10,Field House
FHAP11,Field House
FHAP12,Field House
FHAP13,Field House
FHAP14,Field House
FHAP15,Field House
FHAP16,Field House
FHAP17,Field House
FHAP18,Field House
FHAP19,Field House
FHAP20,Field House
FHAP21,Field House
FHAP22,Field House
FHAP23,Field House
FHAP24,Field House
FHAP25,Field House
FHAP26,Field House
FHAP27,Field House
FHAP28,Field House
FHAP29,Field House
FHAP30,Field House
FHAP31,Field House
FHAP32,Field House
FHAP33,Field House
FHAP34,Field House
FHAP35,Field House
FHAP36,Field House
FHAP37,Field House
FHAP39,Field House
FHAP42,Field House
FHAP43,Field House
FSAP01,
FSAP02,
FSAP03,
FSAP04,
FSAP05,
FSAP06,
FSAP07,
FSAP08,
FSAP09,
FSAP10,
FSAP11,
FSAP12,
FSAP13,
FSAP14,
FSAP15,
FSAP16,
FSAP17,
FSAP18,
FSAP19,
FSAP20,
FSAP21,
GBAAP01,Gables Building A
GBAAP02,Gables Building A
GBAAP03,Gables Building A
GBAAP04,Gables Building A
GBAAP05,Gables Building A
GBAAP06,Gables Building A
GBAAP07,Gables Building A
GBAAP08,Gables Building A
GBAAP09,Gables Building A
GBAAP10,Gables Building A
GBAAP11,Gables Building A
GBAAP12,Gables Building A
GBAAP13,Gables Building A
GBAAP14,Gables Building A
GBAAP15,Gables Building A
GBAAP16,Gables Building A
GBAAP17,Gables Building A
GBAAP18,Gables Building A
GBAAP19,Gables Building A
GBAAP20,Gables Building A
GBAAP21,Gables Building A
GBAAP22,Gables Building A
GBAAP23,Gables Building A
GBAAP24,Gables Building A
GBAAP25,Gables Building A
GBAAP26,Gables Building A
GBAAP27,Gables Building A
GBAAP28,Gables Building A
GBAAP29,Gables Building A
GBAAP30,Gables Building A
GBAAP31,Gables Building A
GBAAP32,Gables Building A
GBAAP33,Gables Building A
GBAAP34,Gables Building A
GBAAP35,Gables Building A
GBAAP36,Gables Building A
GBAAP37,Gables Building A
GBAAP38,Gables Building A
GBAAP39,Gables Building A
GBAAP40,Gables Building A
GBAAP41,Gables Building A
GBAAP42,Gables Building A
GBAAP43,Gables Building A
GBAAP44,Gables Building A
GBAAP45,Gables Building A
GBAAP46,Gables Building A
GBAAP47,Gables Building A
GBAAP48,Gables Building A
GBAAP49,Gables Building A
GBAAP50,Gables Building A
GBAAP51,Gables Building A
GBAAP52,Gables Building A
GBAAP53,Gables Building A
GBAAP54,Gables Building A
GBAAP55,Gables Building A
GBAAP56,Gables Building A
GBAAP57,Gables Building A
GBAAP58,Gables Building A
GBAAP59,Gables Building A
GBAAP60,Gables Building A
GBAAP61,Gables Building A
GBAAP62,Gables Building A
GBAAP63,Gables Building A
GBAAP64,Gables Building A
GBAAP65,Gables Building A
GBAAP66,Gables Building A
GBAAP67,Gables Building A
GBAAP68,Gables Building A
GBAAP69,Gables Building A
GBAAP70,Gables Building A
GBBAP01,Gables Building B
GBBAP02,Gables Building B
GBBAP03,Gables Building B
GBBAP04,Gables Building B
GBBAP05,Gables Building B
GBBAP06,Gables Building B
GBBAP07,Gables Building B
GBBAP08,Gables Building B
GBBAP09,Gables Building B
GBBAP10,Gables Building B
GBBAP11,Gables Building B
GBBAP12,Gables Building B
GBBAP13,Gables Building B
GBBAP14,Gables Building B
GBBAP15,Gables Building B
GBBAP16,Gables Building B
GBBAP17,Gables Building B
GBBAP18,Gables Building B
GBBAP19,Gables Building B
GBBAP20,Gables Building B
GBBAP21,Gables Building B
GBBAP22,Gables Building B
GBBAP23,Gables Building B
GBBAP24,Gables Building B
GBBAP25,Gables Building B
GBBAP26,Gables Building B
GBBAP27,Gables Building B
GBBAP28,Gables Building B
GBBAP29,Gables Building B
GBBAP30,Gables Building B
GBBAP31,Gables Building B
GBBAP32,Gables Building B
GBBAP33,Gables Building B
GBBAP34,Gables Building B
GBBAP35,Gables Building B
GBBAP36,Gables Building B
GBBAP37,Gables Building B
GBBAP38,Gables Building B
GBBAP39,Gables Building B
GBBAP40,Gables Building B
GBBAP41,Gables Building B
GBBAP42,Gables Building B
GBBAP43,Gables Building B
GBBAP44,Gables Building B
GBBAP45,Gables Building B
GBBAP46,Gables Building B
GBBAP47,Gables Building B
GBBAP48,Gables Building B
GBBAP49,Gables Building B
GBBAP50,Gables Building B
GBBAP51,Gables Building B
GBBAP52,Gables Building B
GBBAP53,Gables Building B
GBBAP54,Gables Building B
GBBAP55,Gables Building B
GBBAP56,Gables Building B
GBBAP57,Gables Building B
GBBAP58,Gables Building B
GBBAP59,Gables Building B
GBBAP60,Gables Building B
GBBAP61,Gables Building B
GBBAP62,Gables Building B
GBBAP63,Gables Building B
GBBAP64,Gables Building B
GBBAP65,Gables Building B
GBBAP66,Gables Building B
GBBAP67,Gables Building B
GBBAP68,Gables Building B
GBBAP69,Gables Building B
GBBAP70,Gables Building B
GBBAP71,Gables Building B
GBCAP01,Gables Building C
GBCAP02,Gables Building C
GBCAP03,Gables Building C
GBCAP04,Gables Building C
GBCAP05,Gables Building C
GBCAP06,Gables Building C
GBCAP07,Gables Building C
GBCAP08,Gables Building C
GBCAP09,Gables Building C
GBCAP10,Gables Building C
GBCAP11,Gables Building C
GBCAP12,Gables Building C
GBCAP13,Gables Building C
GBCAP14,Gables Building C
GBCAP15,Gables Building C
GBCAP16,Gables Building C
GBCAP17,Gables Building C
GBCAP18,Gables Building C
GBCAP19,Gables Building C
GBCAP20,Gables Building C
GBCAP21,Gables Building C
GBCAP22,Gables Building C
GBCAP23,Gables Building C
GBCAP24,Gables Building C
GBCAP25,Gables Building C
GBCAP26,Gables Building C
GBCAP27,Gables Building C
GBCAP28,Gables Building C
GBCAP29,Gables Building C
GBCAP30,Gables Building C
GBCAP31,Gables Building C
GBCAP32,Gables Building C
GBCAP33,Gables Building C
GBCAP34,Gables Building C
GBCAP35,Gables Building C
GBCAP36,Gables Building C
GBCAP37,Gables Building C
GBCAP38,Gables Building C
GBCAP39,Gables Building C
GBCAP40,Gables Building C
GBCAP41,Gables Building C
GBCAP42,Gables Building C
GBCAP43,Gables Building C
GBCAP44,Gables Building C
GBCAP45,Gables Building C
GBCAP46,Gables Building C
GBCAP47,Gables Building C
GBCAP48,Gables Building C
GBCAP49,Gables Building C
GBCAP50,Gables Building C
GBCAP51,Gables Building C
GBCAP52,Gables Building C
GBCAP53,Gables Building C
GBCAP54,Gables Building C
GBCAP55,Gables Building C
GBCAP56,Gables Building C
GBCAP57,Gables Building C
GBCAP58,Gables Building C
GBCAP59,Gables Building C
GBCAP60,Gables Building C
GBCAP61,Gables Building C
GBCAP62,Gables Building C
GBCAP63,Gables Building C
GBCAP64,Gables Building C
GBCAP65,Gables Building C
GBCAP66,Gables Building C
GBCAP67,Gables Building C
GBCAP68,Gables Building C
GBCAP69,Gables Building C
GBNAP01,Gables North
GBNAP02,Gables North
GBNAP03,Gables North
GBNAP04,Gables North
GBNAP05,Gables North
GBNAP06,Gables North
GBNAP07,Gables North
GBNAP08,Gables North
GBNAP09,Gables North
GBNAP10,Gables North
GBNAP11,Gables North
GBNAP12,Gables North
GBNAP13,Gables North
GBNAP14,Gables North
GBNAP15,Gables North
GBNAP16,Gables North
GBNAP17,Gables North
GBNAP18,Gables North
GBNAP19,Gables North
GBNAP20,Gables North
GBNAP21,Gables North
GBNAP22,Gables North
GBNAP23,Gables North
GBNAP24,Gables North
GBNAP25,Gables North
GBNAP26,Gables North
GBNAP27,Gables North
GBNAP28,Gables North
GBNAP29,Gables North
GBNAP30,Gables North
GBNAP31,Gables North
GBNAP32,Gables North
GBNAP33,Gables North
GBNAP34,Gables North
GBNAP35,Gables North
GBNAP36,Gables North
GBNAP37,Gables North
GBNAP38,Gables North
GBNAP39,Gables North
GBNAP40,Gables North
GBNAP41,Gables North
GBNAP42,Gables North
GBNAP43,Gables North
GBNAP44,Gables North
GBNAP45,Gables North
GBNAP46,Gables North
GBNAP47,Gables North
GBNAP48,Gables North
GBNAP49,Gables North
GBNAP50,Gables North
GBNAP51,Gables North
GBNAP52,Gables North
GBNAP53,Gables North
GBNAP54,Gables North
GBNAP55,Gables North
GBNAP56,Gables North
GBNAP57,Gables North
GBNAP58,Gables North
GBNAP59,Gables North
GBNAP60,Gables North
GBNAP61,Gables North
GBNAP62,Gables North
GBNAP63,Gables North
GBNAP64,Gables North
GBNAP65,Gables North
GBNAP66,Gables North
GBNAP67,Gables North
GBNAP68,Gables North
GBNAP69,Gables North
GBNAP70,Gables North
GBNAP71,Gables North
GBNAP72,Gables North
GBNAP74,Gables North
GBNAP75,Gables North
GBNAP76,Gables North
GBNAP77,Gables North
GBNAP78,Gables North
GBNAP79,Gables North
GBNAP80,Gables North
GBNAP81,Gables North
GBNAP82,Gables North
GBNAP83,Gables North
GBNAP84,Gables North
GBNAP85,Gables North
GBNAP86,Gables North
GBNAP87,Gables North
GBSAP01,Gables South
GBSAP02,Gables South
GBSAP03,Gables South
GBSAP04,Gables South
GBSAP05,Gables South
GBSAP06,Gables South
GBSAP07,Gables South
GBSAP08,Gables South
GBSAP09,Gables South
GBSAP10,Gables South
GBSAP100,Gables South
GBSAP101,Gables South
GBSAP102,Gables South
GBSAP103,Gables South
GBSAP104,Gables South
GBSAP105,Gables South
GBSAP106,Gables South
GBSAP107,Gables South
GBSAP108,Gables South
GBSAP109,Gables South
GBSAP11,Gables South
GBSAP110,Gables South
GBSAP111,Gables South
GBSAP112,Gables South
GBSAP113,Gables South
GBSAP114,Gables South
GBSAP115,Gables South
GBSAP12,Gables South
GBSAP13,Gables South
GBSAP14,Gables South
GBSAP15,Gables South
GBSAP16,Gables South
GBSAP17,Gables South
GBSAP18,Gables South
GBSAP19,Gables South
GBSAP20,Gables South
GBSAP21,Gables South
GBSAP22,Gables South
GBSAP23,Gables South
GBSAP24,Gables South
GBSAP25,Gables South
GBSAP26,Gables South
GBSAP27,Gables South
GBSAP28,Gables South
GBSAP29,Gables South
GBSAP30,Gables South
GBSAP31,Gables South
GBSAP32,Gables South
GBSAP33,Gables South
GBSAP34,Gables South
GBSAP35,Gables South
GBSAP36,Gables South
GBSAP37,Gables South
GBSAP38,Gables South
GBSAP39,Gables South
GBSAP40,Gables South
GBSAP41,Gables South
GBSAP42,Gables South
GBSAP43,Gables South
GBSAP44,Gables South
GBSAP45,Gables South
GBSAP46,Gables South
GBSAP47,Gables South
GBSAP48,Gables South
GBSAP49,Gables South
GBSAP50,Gables South
GBSAP51,Gables South
GBSAP52,Gables South
GBSAP53,Gables South
GBSAP54,Gables South
GBSAP55,Gables South
GBSAP56,Gables South
GBSAP57,Gables South
GBSAP58,Gables South
GBSAP59,Gables South
GBSAP60,Gables South
GBSAP61,Gables South
GBSAP62,Gables South
GBSAP63,Gables South
GBSAP64,Gables South
GBSAP65,Gables South
GBSAP66,Gables South
GBSAP67,Gables South
GBSAP68,Gables South
GBSAP69,Gables South
GBSAP70,Gables South
GBSAP71,Gables South
GBSAP72,Gables South
GBSAP73,Gables South
GBSAP74,Gables South
GBSAP75,Gables South
GBSAP76,Gables South
GBSAP77,Gables South
GBSAP78,Gables South
GBSAP79,Gables South
GBSAP80,Gables South
GBSAP81,Gables South
GBSAP82,Gables South
GBSAP83,Gables South
GBSAP84,Gables South
GBSAP85,Gables South
GBSAP86,Gables South
GBSAP87,Gables South
GBSAP88,Gables South
GBSAP89,Gables South
GBSAP90,Gables South
GBSAP91,Gables South
GBSAP92,Gables South
GBSAP93,Gables South
GBSAP94,Gables South
GBSAP95,Gables South
GBSAP96,Gables South
GBSAP97,Gables South
GBSAP98,Gables South
GBSAP99,Gables South
GGAP01,Gregg
GGAP02,Gregg
GGAP03,Gregg
GGAP04,Gregg
GGAP05,Gregg
GGAP06,Gregg
GGAP07,Gregg
GGAP08,Gregg
GGAP09,Gregg
GGAP10,Gregg
GGAP11,Gregg
GGAP12,Gregg
GGAP13,Gregg
GGAP14,Gregg
GGAP15,Gregg
GGAP16,Gregg
GGAP17,Gregg
GGAP18,Gregg
GGAP19,Gregg
GGAP20,Gregg
GGAP21,Gregg
GGAP22,Gregg
GGAP23,Gregg
GGAP24,Gregg
GGAP25,Gregg
GGAP26,Gregg
GGAP27,Gregg
GGAP28,Gregg
GGAP29,Gregg
GGAP30,Gregg
GGAP31,Gregg
GGAP32,Gregg
GHAP01,Greenhouse
GHAP02,Greenhouse
GHAP03,Greenhouse
GHAP04,Greenhouse
GHAP05,Greenhouse
GSAP01,Gibbs
GSAP02,Gibbs
GSAP03,Gibbs
GSAP04,Gibbs
GSAP05,Gibbs
GSAP06,Gibbs
GSAP07,Gibbs
GSAP08,Gibbs
GSAP09,Gibbs
GSAP10,Gibbs
GSAP11,Gibbs
GSAP12,Gibbs
GSAP13,Gibbs
GSAP14,Gibbs
GSAP15,Gibbs
GSAP16,Gibbs
GSAP17,Gibbs
GSAP18,Gibbs
GSAP19,Gibbs
GSAP20,Gibbs
GSAP21,Gibbs
GSAP22,Gibbs
GSAP23,Gibbs
GSAP24,Gibbs
GSAP25,Gibbs
GSAP26,Gibbs
GSAP27,Gibbs
GSAP28,Gibbs
GSAP29,Gibbs
GSAP30,Gibbs
GSAP31,Gibbs
GSAP32,Gibbs
GSAP33,Gibbs
GSAP34,Gibbs
GSAP35,Gibbs
GSAP36,Gibbs
GSAP37,Gibbs
GSAP38,Gibbs
GSAP39,Gibbs
HAAP01,Hall House
HAAP02,Hall House
HAAP03,Hall House
HAAP04,Hall House
HAAP05,Hall House
HAAP06,Hall House
HAAP07,Hall House
HAAP08,Hall House
HAAP09,Hall House
HAAP10,Hall House
HAAP11,Hall House
HAAP12,Hall House
HAAP13,Hall House
HBAP01,Hubbard
HBAP02,Hubbard
HBAP03,Hubbard
HBAP04,Hubbard
HBAP05,Hubbard
HBAP06,Hubbard
HBAP07,Hubbard
HBAP08,Hubbard
HBAP09,Hubbard
HBAP10,Hubbard
HBAP11,Hubbard
HBAP12,Hubbard
HBAP13,Hubbard
HBAP14,Hubbard
HBAP15,Hubbard
HBAP16,Hubbard
HBAP17,Hubbard
HBAP18,Hubbard
HBAP19,Hubbard
HBAP20,Hubbard
HBAP21,Hubbard
HBAP22,Hubbard
HBAP23,Hubbard
HBAP24,Hubbard
HBAP25,Hubbard
HBAP26,Hubbard
HBAP27,Hubbard
HBAP28,Hubbard
HBAP29,Hubbard
HBAP30,Hubbard
HBAP31,Hubbard
HBAP32,Hubbard
HBAP33,Hubbard
HBAP34,Hubbard
HBAP35,Hubbard
HBAP36,Hubbard
HBAP37,Hubbard
HBAP38,Hubbard
HBAP39,Hubbard
HBAP40,Hubbard
HBAP41,Hubbard
HBAP42,Hubbard
HBAP43,Hubbard
HBAP44,Hubbard
HBAP45,Hubbard
HBAP46,Hubbard
HBAP47,Hubbard
HBAP48,Hubbard
HCAP01,Holloway Commons
HCAP02,Holloway Commons
HCAP03,Holloway Commons
HCAP05,Holloway Commons
HCAP06,Holloway Commons
HCAP07,Holloway Commons
HCAP11,Holloway Commons
HCAP12,Holloway Commons
HCAP13,Holloway Commons
HCAP14,Holloway Commons
HCAP15,Holloway Commons
HCAP19,Holloway Commons
HCAP20,Holloway Commons
HCAP21,Holloway Commons
HCAP27,Holloway Commons
HCAP29,Holloway Commons
HDAP01,Hood House
HDAP02,Hood House
HDAP03,Hood House
HFAP03,
HFAP04,
HFAP07,
HFAP11,
HFAP13,
HFAP18,
HKAP01,Hitchcock
HKAP02,Hitchcock
HKAP03,Hitchcock
HKAP04,Hitchcock
HKAP05,Hitchcock
HKAP06,Hitchcock
HKAP07,Hitchcock
HKAP08,Hitchcock
HKAP09,Hitchcock
HKAP10,Hitchcock
HKAP11,Hitchcock
HKAP12,Hitchcock
HKAP13,Hitchcock
HKAP14,Hitchcock
HKAP15,Hitchcock
HKAP16,Hitchcock
HKAP17,Hitchcock
HKAP18,Hitchcock
HKAP19,Hitchcock
HKAP20,Hitchcock
HKAP21,Hitchcock
HKAP22,Hitchcock
HKAP23,Hitchcock
HKAP24,Hitchcock
HKAP25,Hitchcock
HKAP26,Hitchcock
HKAP27,Hitchcock
HKAP28,Hitchcock
HKAP29,Hitchcock
HKAP30,Hitchcock
HKAP31,Hitchcock
HKAP32,Hitchcock
HKAP33,Hitchcock
HKAP34,Hitchcock
HKAP35,Hitchcock
HKAP36,Hitchcock
HKAP37,Hitchcock
HLAP01,Hetzel
HLAP02,Hetzel
HLAP03,Hetzel
HLAP04,Hetzel
HLAP05,Hetzel
HLAP06,Hetzel
HLAP07,Hetzel
HLAP08,Hetzel
HLAP09,Hetzel
HLAP10,Hetzel
HLAP11,Hetzel
HLAP12,Hetzel
HLAP13,Hetzel
HLAP14,Hetzel
HLAP15,Hetzel
HLAP16,Hetzel
HLAP17,Hetzel
HLAP18,Hetzel
HLAP19,Hetzel
HLAP20,Hetzel
HLAP21,Hetzel
HLAP22,Hetzel
HLAP23,Hetzel
HLAP24,Hetzel
HLAP25,Hetzel
HLAP26,Hetzel
HLAP27,Hetzel
HLAP28,Hetzel
HLAP29,Hetzel
HLAP30,Hetzel
HLAP31,Hetzel
HLAP32,Hetzel
HLAP33,Hetzel
HLAP34,Hetzel
HLAP35,Hetzel
HLAP36,Hetzel
HLAP37,Hetzel
HLAP38,Hetzel
HLAP39,Hetzel
HLAP40,Hetzel
HLAP41,Hetzel
HLAP42,Hetzel
HLAP43,Hetzel
HLAP44,Hetzel
HLAP45,Hetzel
HLAP46,Hetzel
HLAP47,Hetzel
HLAP48,Hetzel
HLAP49,Hetzel
HLAP50,Hetzel
HLAP51,Hetzel
HLAP52,Hetzel
HLAP53,Hetzel
HNAP01,Huddleston
HNAP02,Huddleston
HNAP03,Huddleston
HNAP04,Huddleston
HNAP05,Huddleston
HNAP06,Huddleston
HNAP07,Huddleston
HNAP08,Huddleston
HNAP09,Huddleston
HNAP10,Huddleston
HNAP11,Huddleston
HNAP12,Huddleston
HNAP13,Huddleston
HNAP14,Huddleston
HNAP15,Huddleston
HNAP16,Huddleston
HNAP17,Huddleston
HNAP18,Huddleston
HNAP19,Huddleston
HNAP20,Huddleston
HNAP21,Huddleston
HNAP22,Huddleston
HNAP23,Huddleston
HNAP24,Huddleston
HNAP25,Huddleston
HNAP26,Huddleston
HNAP27,Huddleston
HNAP28,Huddleston
HNAP29,Huddleston
HNAP30,Huddleston
HOAP01,Hitchcock
HRAP01,Hunter
HRAP02,Hunter
HRAP03,Hunter
HRAP04,Hunter
HRAP05,Hunter
HRAP06,Hunter
HRAP07,Hunter
HRAP08,Hunter
HRAP09,Hunter
HRAP10,Hunter
HRAP11,Hunter
HRAP12,Hunter
HRAP13,Hunter
HRAP14,Hunter
HRAP15,Hunter
HRAP16,Hunter
HRAP17,Hunter
HRAP18,Hunter
HRAP19,Hunter
HRAP20,Hunter
HRAP21,Hunter
HRAP22,Hunter
HRAP23,Hunter
HRAP24,Hunter
HRAP25,Hunter
HRAP26,Hunter
HRAP27,Hunter
HRAP28,Hunter
HRAP29,Hunter
HRAP30,Hunter
HRAP31,Hunter
HRAP32,Hunter
HRAP33,Hunter
HRAP34,Hunter
HRAP35,Hunter
HRAP36,Hunter
HRAP37,Hunter
HRAP38,Hunter
HRAP39,Hunter
HSAP03,Smith
HTAP02,Horton
HTAP08,Horton
HTAP09,Horton
HTAP10,Horton
HTAP11,Horton
HTAP12,Horton
HTAP13,Horton
HTAP14,Horton
HTAP15,Horton
HTAP17,Horton
HTAP18,Horton
HTAP20,Horton
HTAP21,Horton
HTAP22,Horton
HTAP23,Horton
HTAP24,Horton
HTAP25,Horton
HTAP26,Horton
HTAP27,Horton
HTAP28,Horton
HTAP29,Horton
HTAP30,Horton
HTAP31,Horton
HTAP32,Horton
HTAP33,Horton
HTAP34,Horton
HTAP35,Horton
HTAP36,Horton
HTAP37,Horton
HTAP38,Horton
HTAP39,Horton
HTAP40,Horton
HTAP41,Horton
HTAP42,Horton
HTAP43,Horton
HTAP50,Horton
HTAP51,Horton
HTAP52,Horton
HTAP53,Horton
HTAP54,Horton
HTAP55,Horton
HTAP56,Horton
HTAP57,Horton
HTAP58,Horton
HTAP59,Horton
HTAP60,Horton
HWAP01,Hewitt
HWAP02,Hewitt
HWAP03,Hewitt
HWAP04,Hewitt
HWAP05,Hewitt
HWAP06,Hewitt
HWAP07,Hewitt
HWAP08,Hewitt
HWAP09,Hewitt
HWAP10,Hewitt
HWAP11,Hewitt
HWAP12,Hewitt
HWAP13,Hewitt
HWAP14,Hewitt
HWAP15,Hewitt
HWAP16,Hewitt
HWAP17,Hewitt
HWAP18,Hewitt
HWAP19,Hewitt
HWAP20,Hewitt
HWAP21,Hewitt
HWAP22,Hewitt
HWAP23,Hewitt
HWAP24,Hewitt
HWAP25,Hewitt
HWAP26,Hewitt
HWAP27,Hewitt
HWAP28,Hewitt
HWAP29,Hewitt
HWAP30,Hewitt
HWAP31,Hewitt
HWAP32,Hewitt
HWAP33,Hewitt
HWAP34,Hewitt
HWAP35,Hewitt
HWAP36,Hewitt
HWAP37,Hewitt
HWAP38,Hewitt
HWAP39,Hewitt
HWAP40,Hewitt
HWAP41,Hewitt
HWAP42,Hewitt
HWAP43,Hewitt
HWAP44,Hewitt
HWAP45,Hewitt
JDAP01,Jessie Doe
JDAP02,Jessie Doe
JDAP03,Jessie Doe
JDAP04,Jessie Doe
JDAP05,Jessie Doe
JDAP06,Jessie Doe
JDAP07,Jessie Doe
JDAP08,Jessie Doe
JDAP09,Jessie Doe
JDAP10,Jessie Doe
JDAP11,Jessie Doe
JDAP12,Jessie Doe
JDAP13,Jessie Doe
JDAP14,Jessie Doe
JDAP15,Jessie Doe
JDAP16,Jessie Doe
JDAP17,Jessie Doe
JDAP18,Jessie Doe
JDAP19,Jessie Doe
JDAP20,Jessie Doe
JDAP21,Jessie Doe
JDAP22,Jessie Doe
JDAP23,Jessie Doe
JDAP24,Jessie Doe
JDAP25,Jessie Doe
JDAP26,Jessie Doe
JDAP27,Jessie Doe
JDAP28,Jessie Doe
JDAP29,Jessie Doe
JDAP30,Jessie Doe
JDAP31,Jessie Doe
JDAP32,Jessie Doe
JDAP33,Jessie Doe
JDAP34,Jessie Doe
JDAP35,Jessie Doe
JDAP36,Jessie Doe
JDAP37,Jessie Doe
JMAP01,James
JMAP02,James
JMAP03,James
JMAP04,James
JMAP05,James
JMAP06,James
JMAP07,James
JMAP08,James
JMAP09,James
JMAP10,James
JMAP11,James
JMAP12,James
JMAP13,James
JMAP14,James
JMAP15,James
JMAP16,James
JMAP17,James
JMAP18,James
JMAP19,James
JMAP20,James
JMAP21,James
JMAP22,James
JMAP23,James
JMAP24,James
JMAP25,James
JMAP26,James
JMAP27,James
JMAP28,James
JMAP29,James
JMAP30,James
JMAP31,James
JMAP32,James
JMAP33,James
JMAP34,James
JMAP35,James
JMAP36,James
JMAP37,James
JMAP38,James
JMAP39,James
JMAP40,James
JMAP41,James
JMAP42,James
JMAP43,James
JMAP44,James
JMAP45,James
JMAP46,James
KBAP01,Kingsbury
KBAP02,Kingsbury
KBAP03,Kingsbury
KBAP04,Kingsbury
KBAP05,Kingsbury
KBAP06,Kingsbury
KBAP07,Kingsbury
KBAP08,Kingsbury
KBAP09,Kingsbury
KBAP10,Kingsbury
KBAP100,Kingsbury
KBAP101,Kingsbury
KBAP102,Kingsbury
KBAP103,Kingsbury
KBAP104,Kingsbury
KBAP105,Kingsbury
KBAP106,Kingsbury
KBAP11,Kingsbury
KBAP12,Kingsbury
KBAP13,Kingsbury
KBAP14,Kingsbury
KBAP15,Kingsbury
KBAP16,Kingsbury
KBAP17,Kingsbury
KBAP18,Kingsbury
KBAP19,Kingsbury
KBAP20,Kingsbury
KBAP21,Kingsbury
KBAP22,Kingsbury
KBAP23,Kingsbury
KBAP24,Kingsbury
KBAP25,Kingsbury
KBAP26,Kingsbury
KBAP27,Kingsbury
KBAP28,Kingsbury
KBAP29,Kingsbury
KBAP30,Kingsbury
KBAP31,Kingsbury
KBAP32,Kingsbury
KBAP33,Kingsbury
KBAP34,Kingsbury
KBAP35,Kingsbury
KBAP36,Kingsbury
KBAP37,Kingsbury
KBAP38,Kingsbury
KBAP39,Kingsbury
KBAP40,Kingsbury
KBAP41,Kingsbury
KBAP42,Kingsbury
KBAP43,Kingsbury
KBAP44,Kingsbury
KBAP45,Kingsbury
KBAP46,Kingsbury
KBAP47,Kingsbury
KBAP48,Kingsbury
KBAP49,Kingsbury
KBAP50,Kingsbury
KBAP51,Kingsbury
KBAP52,Kingsbury
KBAP53,Kingsbury
KBAP54,Kingsbury
KBAP55,Kingsbury
KBAP56,Kingsbury
KBAP57,Kingsbury
KBAP58,Kingsbury
KBAP59,Kingsbury
KBAP60,Kingsbury
KBAP61,Kingsbury
KBAP62,Kingsbury
KBAP63,Kingsbury
KBAP64,Kingsbury
KBAP65,Kingsbury
KBAP66,Kingsbury
KBAP67,Kingsbury
KBAP68,Kingsbury
KBAP69,Kingsbury
KBAP70,Kingsbury
KBAP71,Kingsbury
KBAP72,Kingsbury
KBAP73,Kingsbury
KBAP74,Kingsbury
KBAP75,Kingsbury
KBAP76,Kingsbury
KBAP77,Kingsbury
KBAP78,Kingsbury
KBAP79,Kingsbury
KBAP80,Kingsbury
KBAP81,Kingsbury
KBAP82,Kingsbury
KBAP83,Kingsbury
KBAP84,Kingsbury
KBAP85,Kingsbury
KBAP86,Kingsbury
KBAP87,Kingsbury
KBAP88,Kingsbury
KBAP89,Kingsbury
KBAP90,Kingsbury
KBAP91,Kingsbury
KBAP92,Kingsbury
KBAP93,Kingsbury
KBAP94,Kingsbury
KBAP95,Kingsbury
KBAP96,Kingsbury
KBAP97,Kingsbury
KBAP98,Kingsbury
KBAP99,Kingsbury
KEAP01,Kendall
KEAP02,Kendall
KEAP03,Kendall
KEAP04,Kendall
KEAP05,Kendall
KEAP06,Kendall
KEAP07,Kendall
KEAP08,Kendall
KEAP09,Kendall
KEAP10,Kendall
KEAP101,Kendall
KEAP102,Kendall
KEAP103,Kendall
KEAP105,Kendall
KEAP106,Kendall
KEAP107,Kendall
KEAP108,Kendall
KEAP11,Kendall
KEAP12,Kendall
KEAP13,Kendall
KEAP14,Kendall
KEAP15,Kendall
KEAP16,Kendall
KEAP17,Kendall
KEAP18,Kendall
KEAP19,Kendall
KEAP20,Kendall
KEAP21,Kendall
LDAP01,Lord
LDAP02,Lord
LDAP03,Lord
LDAP04,Lord
LDAP05,Lord
LDAP06,Lord
LDAP07,Lord
LDAP08,Lord
LDAP09,Lord
LDAP10,Lord
LDAP11,Lord
LDAP12,Lord
LDAP13,Lord
LDAP14,Lord
LDAP15,Lord
LDAP16,Lord
LDAP17,Lord
LDAP18,Lord
LDAP19,Lord
LDAP20,Lord
LDAP21,Lord
LDAP22,Lord
LDAP23,Lord
LDAP24,Lord
LDAP25,Lord
LDAP26,Lord
LDAP27,Lord
LDAP28,Lord
LDAP29,Lord
LDAP30,Lord
LDAP31,Lord
LDAP32,Lord
LDAP33,Lord
LHAP01,
LHAP02,
LSAP01,
MBAP01,Memorial Union
MBAP03,Memorial Union
MBAP04,Memorial Union
MBAP05,Memorial Union
MBAP06,Memorial Union
MBAP07,Memorial Union
MBAP09,Memorial Union
MBAP10,Memorial Union
MBAP12,Memorial Union
MBAP13,Memorial Union
MBAP14,Memorial Union
MBAP17,Memorial Union
MBAP18,Memorial Union
MBAP19,Memorial Union
MBAP20,Memorial Union
MBAP21,Memorial Union
MBAP23,Memorial Union
MBAP24,Memorial Union
MBAP25,Memorial Union
MBAP28,Memorial Union
MBAP30,Memorial Union
MBAP31,Memorial Union
MBAP32,Memorial Union
MBAP34,Memorial Union
MBAP35,Memorial Union
MBAP36,Memorial Union
MBAP37,Memorial Union
MBAP38,Memorial Union
MBAP39,Memorial Union
MBAP40,Memorial Union
MBAP41,Memorial Union
MBAP42,Memorial Union
MBAP43,Memorial Union
MBAP44,Memorial Union
MBAP45,Memorial Union
MBAP46,Memorial Union
MCAP01,McConnell
MCAP02,McConnell
MCAP03,McConnell
MCAP04,McConnell
MCAP05,McConnell
MCAP06,McConnell
MCAP07,McConnell
MCAP08,McConnell
MCAP09,McConnell
MCAP10,McConnell
MCAP12,McConnell
MCAP13,McConnell
MCAP14,McConnell
MCAP15,McConnell
MCAP16,McConnell
MCAP17,McConnell
MCAP18,McConnell
MCAP19,McConnell
MCAP20,McConnell
MCAP21,McConnell
MCAP22,McConnell
MCAP23,McConnell
MCAP24,McConnell
MCAP25,McConnell
MCAP26,McConnell
MCAP27,McConnell
MCAP28,McConnell
MCAP29,McConnell
MCAP30,McConnell
MCAP31,McConnell
MCAP32,McConnell
MCAP33,McConnell
MCAP34,McConnell
MCAP35,McConnell
MCAP36,McConnell
MCAP37,McConnell
MCAP38,McConnell
MCAP39,McConnell
MCAP40,McConnell
MCAP41,McConnell
MCAP42,McConnell
MCAP43,McConnell
MCAP45,McConnell
MCAP46,McConnell
MCAP47,McConnell
MCAP48,McConnell
MCAP49,McConnell
MCAP50,McConnell
MCAP51,McConnell
MCAP52,McConnell
MCAP53,McConnell
MCAP54,McConnell
MCAP55,McConnell
MCAP56,McConnell
MCAP57,McConnell
MCAP58,McConnell
MCAP59,McConnell
MGAP01,McLaughlin
MGAP02,McLaughlin
MGAP03,McLaughlin
MGAP04,McLaughlin
MGAP05,McLaughlin
MGAP06,McLaughlin
MGAP07,McLaughlin
MGAP08,McLaughlin
MGAP09,McLaughlin
MGAP10,McLaughlin
MGAP11,McLaughlin
MGAP12,McLaughlin
MGAP13,McLaughlin
MGAP14,McLaughlin
MGAP15,McLaughlin
MGAP16,McLaughlin
MGAP17,McLaughlin
MGAP18,McLaughlin
MGAP19,McLaughlin
MGAP20,McLaughlin
MGAP21,McLaughlin
MGAP22,McLaughlin
MGAP23,McLaughlin
MGAP24,McLaughlin
MGAP25,McLaughlin
MGAP26,McLaughlin
MGAP27,McLaughlin
MGAP28,McLaughlin
MGAP29,McLaughlin
MGAP30,McLaughlin
MGAP31,McLaughlin
MGAP32,McLaughlin
MGAP33,McLaughlin
MGAP34,McLaughlin
MGAP35,McLaughlin
MGAP36,McLaughlin
MGAP37,McLaughlin
MGAP38,McLaughlin
MGAP39,McLaughlin
MGAP40,McLaughlin
MGAP41,McLaughlin
MGAP42,McLaughlin
MGAP43,McLaughlin
MGAP44,McLaughlin
MKAP01,Murkland
MKAP02,Murkland
MKAP03,Murkland
MKAP04,Murkland
MKAP05,Murkland
MKAP06,Murkland
MKAP07,Murkland
MKAP08,Murkland
MKAP09,Murkland
MKAP10,Murkland
MKAP11,Murkland
MKAP12,Murkland
MKAP13,Murkland
MKAP14,Murkland
MKAP15,Murkland
MKAP16,Murkland
MKAP17,Murkland
MKAP18,Murkland
MKAP19,Murkland
MKAP20,Murkland
MKAP21,Murkland
MKAP22,Murkland
MKAP23,Murkland
MKAP24,Murkland
MKAP25,Murkland
MKAP26,Murkland
MKAP27,Murkland
MKAP28,Murkland
MKAP29,Murkland
MKAP30,Murkland
MKAP31,Murkland
MKAP32,Murkland
MKAP33,Murkland
MLAP01,Morrill
MLAP02,Morrill
MLAP03,Morrill
MLAP04,Morrill
MLAP05,Morrill
MLAP06,Morrill
MLAP07,Morrill
MLAP08,Morrill
MLAP09,Morrill
MLAP10,Morrill
MLAP11,Morrill
MLAP12,Morrill
MLAP13,Morrill
MLAP14,Morrill
MLAP15,Morrill
MLAP16,Morrill
MLAP17,Morrill
MLAP18,Morrill
MLAP19,Morrill
MLAP20,Morrill
MLAP21,Morrill
MLAP22,Morrill
MLAP23,Morrill
MLAP24,Morrill
MLAP25,Morrill
MMAP01,
MMAP02,
MMAP03,
MMAP04,
MMAP05,
MMAP06,
MMAP07,
MMAP08,
MMAP09,
MMAP10,
MMAP11,
MMAP12,
MMAP13,
MMAP14,
MMAP15,
MMAP16,
MMAP17,
MMAP18,
MMAP19,
MMAP37,
MMAP38,
MMAP39,
MMAP40,
MMAP41,
MMAP42,
MMAP43,
MMAP44,
MMAP45,
MMAP46,
MMAP47,
MMAP48,
MMAP49,
MMAP50,
MMAP51,
MMAP52,
MMAP53,
MMAP54,
MMAP55,
MMAP56,
MMAP57,
MMAP58,
MMAP59,
MMAP60,
MMAP76,
MMAP77,
MMAP78,
MMAP79,
MMAP81,
MMAP82,
MMAP83,
MMAP84,
MMAP85,
MMAP86,
MMAP87,
MMAP88,
MMAP89,
MMAP90,
MMAP91,
MMAP92,
MMAP93,
MMAP94,
MMAP95,
MMAP96,
MOAP01,
MSAP01,Mills
MSAP02,Mills
MSAP03,Mills
MSAP04,Mills
MSAP05,Mills
MSAP06,Mills
MSAP07,Mills
MSAP08,Mills
MSAP09,Mills
MSAP10,Mills
MSAP11,Mills
MSAP12,Mills
MSAP13,Mills
MSAP14,Mills
MSAP15,Mills
MSAP16,Mills
MSAP17,Mills
MSAP18,Mills
MSAP19,Mills
MSAP20,Mills
MSAP21,Mills
MSAP22,Mills
MSAP23,Mills
MSAP24,Mills
MSAP25,Mills
MSAP26,Mills
MSAP27,Mills
MSAP28,Mills
MSAP29,Mills
MSAP30,Mills
MSAP31,Mills
MSAP32,Mills
MSAP33,Mills
MSAP34,Mills
MSAP35,Mills
MSAP36,Mills
MSAP37,Mills
MSAP38,Mills
MSAP39,Mills
MSAP40,Mills
MSAP41,Mills
MSAP42,Mills
MSAP43,Mills
MSAP44,Mills
MSAP45,Mills
MSAP46,Mills
MSAP47,Mills
MSAP48,Mills
MSAP49,Mills
MSAP50,Mills
MSAP51,Mills
MSAP52,Mills
MSAP53,Mills
MSAP54,Mills
MSAP55,Mills
MSAP56,Mills
MSAP57,Mills
MSAP58,Mills
MSAP59,Mills
MSAP60,Mills
MSAP61,Mills
MSAP62,Mills
MSAP63,Mills
MSAP64,Mills
MSAP65,Mills
MSAP66,Mills
MSAP67,Mills
MSAP68,Mills
MSAP69,Mills
MSAP70,Mills
MSAP71,Mills
MSAP72,Mills
MSAP73,Mills
MSAP74,Mills
MSAP75,Mills
MSAP76,Mills
MSAP77,Mills
MSAP78,Mills
MSAP79,Mills
MSAP80,Mills
MSAP81,Mills
MSAP82,Mills
MSAP83,Mills
MSAP84,Mills
MSAP85,Mills
MSAP86,Mills
MSAP87,Mills
MSAP88,Mills
MSAP89,Mills
MSAP90,Mills
MSAP91,Mills
MSAP92,Mills
MSAP93,Mills
MSAP94,Mills
MSAP95,Mills
MTAP01,Marston House
MTAP02,Marston House
MTAP03,Marston House
MTAP04,Marston House
MTAP05,Marston House
MTAP06,Marston House
MTAP07,Marston House
MTAP08,Marston House
MTAP09,Marston House
MTAP10,Marston House
MTAP11,Marston House
MTAP12,Marston House
MTAP13,Marston House
MYAP01,
NAAP01,
NAAP02,
NAAP03,
NDAP01,Adams Tower
NDAP02,Adams Tower
NDAP03,Adams Tower
NDAP04,Adams Tower
NDAP05,Adams Tower
NDAP06,Adams Tower
NDAP07,Adams Tower
NDAP08,Adams Tower
NDAP09,Adams Tower
NDAP10,Adams Tower
NDAP11,Adams Tower
NDAP12,Adams Tower
NDAP13,Adams Tower
NDAP14,Adams Tower
NDAP15,Adams Tower
NDAP16,Adams Tower
NDAP17,Adams Tower
NDAP18,Adams Tower
NDAP19,Adams Tower
NDAP20,Adams Tower
NDAP21,Adams Tower
NDAP22,Adams Tower
NDAP23,Adams Tower
NDAP24,Adams Tower
NDAP25,Adams Tower
NDAP26,Adams Tower
NDAP27,Adams Tower
NDAP28,Adams Tower
NDAP29,Adams Tower
NDAP30,Adams Tower
NDAP31,Adams Tower
NDAP32,Adams Tower
NDAP33,Adams Tower
NDAP34,Adams Tower
NDAP35,Adams Tower
NDAP36,Adams Tower
NDAP37,Adams Tower
NHAP01,New Hampshire
NHAP02,New Hampshire
NHAP03,New Hampshire
NHAP04,New Hampshire
NHAP05,New Hampshire
NHAP06,New Hampshire
NHAP07,New Hampshire
NHAP08,New Hampshire
NHAP09,New Hampshire
NHAP10,New Hampshire
NHAP11,New Hampshire
NHAP12,New Hampshire
NHAP13,New Hampshire
NHAP14,New Hampshire
NHAP15,New Hampshire
NHAP16,New Hampshire
NHAP17,New Hampshire
NHAP18,New Hampshire
NHAP19,New Hampshire
NHAP20,New Hampshire
NHAP21,New Hampshire
NHAP22,New Hampshire
NHAP23,New Hampshire
NHAP24,New Hampshire
NHAP25,New Hampshire
NHAP26,New Hampshire
NHAP27,New Hampshire
NHAP28,New Hampshire
NHAP29,New Hampshire
NHAP30,New Hampshire
NHAP31,New Hampshire
NHAP32,
NKAP01,New England
NKAP02,New England
NKAP03,New England
NKAP04,New England
NKAP08,New England
NKAP10,New England
NMAP01,Nesmith
NMAP02,Nesmith
NMAP03,Nesmith
NMAP04,Nesmith
NMAP05,Nesmith
NMAP06,Nesmith
NMAP07,Nesmith
NMAP08,Nesmith
NMAP09,Nesmith
NMAP10,Nesmith
NMAP11,Nesmith
NMAP12,Nesmith
NMAP13,Nesmith
NMAP14,Nesmith
NMAP15,Nesmith
NMAP16,Nesmith
NMAP17,Nesmith
NMAP18,Nesmith
NMAP19,Nesmith
NMAP20,Nesmith
NMAP21,Nesmith
NMAP22,Nesmith
NMAP23,Nesmith
NMAP24,Nesmith
NMAP25,Nesmith
NMAP26,Nesmith
NMAP27,Nesmith
NMAP28,Nesmith
NMAP29,Nesmith
NMAP30,Nesmith
NMAP31,Nesmith
NMAP32,Nesmith
NMAP33,Nesmith
NMAP34,Nesmith
NMAP35,Nesmith
NMAP36,Nesmith
NMAP37,Nesmith
NMAP38,Nesmith
OBAP01,Observatory
OEAP01,
OEAP03,
OEAP04,
OEAP05,
OEAP06,
OEAP07,
OEAP16,
PAAP01,Paul Creative Arts
PAAP02,Paul Creative Arts
PAAP03,Paul Creative Arts
PAAP04,Paul Creative Arts
PAAP05,Paul Creative Arts
PAAP06,Paul Creative Arts
PAAP07,Paul Creative Arts
PAAP08,Paul Creative Arts
PAAP09,Paul Creative Arts
PAAP10,Paul Creative Arts
PAAP11,Paul Creative Arts
PAAP12,Paul Creative Arts
PAAP13,Paul Creative Arts
PAAP14,Paul Creative Arts
PAAP15,Paul Creative Arts
PAAP16,Paul Creative Arts
PAAP19,Paul Creative Arts
PAAP21,Paul Creative Arts
PAAP22,Paul Creative Arts
PAAP23,Paul Creative Arts
PAAP24,Paul Creative Arts
PAAP25,Paul Creative Arts
PAAP26,Paul Creative Arts
PAAP27,Paul Creative Arts
PAAP28,Paul Creative Arts
PAAP29,Paul Creative Arts
PAAP30,Paul Creative Arts
PAAP31,Paul Creative Arts
PAAP32,Paul Creative Arts
PAAP33,Paul Creative Arts
PAAP34,Paul Creative Arts
PAAP35,Paul Creative Arts
PAAP36,Paul Creative Arts
PAAP37,Paul Creative Arts
PAAP38,Paul Creative Arts
PAAP39,Paul Creative Arts
PAAP40,Paul Creative Arts
PAAP41,Paul Creative Arts
PAAP42,Paul Creative Arts
PAAP43,Paul Creative Arts
PAAP44,Paul Creative Arts
PAAP45,Paul Creative Arts
PAAP46,Paul Creative Arts
PAAP47,Paul Creative Arts
PAAP48,Paul Creative Arts
PAAP49,Paul Creative Arts
PAAP50,Paul Creative Arts
PAAP51,Paul Creative Arts
PAAP52,Paul Creative Arts
PAAP53,Paul Creative Arts
PAAP54,Paul Creative Arts
PAAP55,Paul Creative Arts
PAAP56,Paul Creative Arts
PAAP57,Paul Creative Arts
PAAP58,Paul Creative Arts
PAAP59,Paul Creative Arts
PAAP60,Paul Creative Arts
PAAP61,Paul Creative Arts
PAAP62,Paul Creative Arts
PAAP63,Paul Creative Arts
PAAP64,Paul Creative Arts
PAAP65,Paul Creative Arts
PAAP66,Paul Creative Arts
PAAP67,Paul Creative Arts
PBAP01,Pettee
PBAP02,Pettee
PBAP03,Pettee
PBAP04,Pettee
PCAP01,Paul
PCAP02,Paul
PCAP03,Paul
PCAP04,Paul
PCAP06,Paul
PCAP08,Paul
PCAP10,Paul
PCAP100,Paul
PCAP101,Paul
PCAP102,Paul
PCAP103,Paul
PCAP11,Paul
PCAP121,Paul
PCAP122,Paul
PCAP123,Paul
PCAP124,Paul
PCAP125,Paul
PCAP127,Paul
PCAP128,Paul
PCAP129,Paul
PCAP13,Paul
PCAP130,Paul
PCAP132,Paul
PCAP133,Paul
PCAP134,Paul
PCAP135,Paul
PCAP136,Paul
PCAP14,Paul
PCAP15,Paul
PCAP17,Paul
PCAP18,Paul
PCAP19,Paul
PCAP21,Paul
PCAP26,Paul
PCAP28,Paul
PCAP29,Paul
PCAP30,Paul
PCAP32,Paul
PCAP33,Paul
PCAP34,Paul
PCAP35,Paul
PCAP38,Paul
PCAP40,Paul
PCAP43,Paul
PCAP45,Paul
PCAP49,Paul
PCAP50,Paul
PCAP51,Paul
PCAP52,Paul
PCAP53,Paul
PCAP58,Paul
PCAP61,Paul
PCAP63,Paul
PCAP64,Paul
PCAP65,Paul
PCAP66,Paul
PCAP68,Paul
PCAP69,Paul
PCAP71,Paul
PCAP72,Paul
PCAP74,Paul
PCAP76,Paul
PCAP77,Paul
PCAP78,Paul
PCAP79,Paul
PCAP81,Paul
PCAP82,Paul
PCAP90,Paul
PCAP91,Paul
PCAP93,Paul
PCAP94,Paul
PCAP95,Paul
PCAP96,Paul
PCAP97,Paul
PCAP98,Paul
PHAP01,Pettee
PHAP02,Pettee
PHAP03,Pettee
PHAP04,Pettee
PHAP05,Pettee
PHAP06,Pettee
PHAP07,Pettee
PHAP08,Pettee
PHAP09,Pettee
PHAP10,Pettee
PHAP11,Pettee
PHAP12,Pettee
PHAP13,Pettee
PHAP14,Pettee
PHAP15,Pettee
PHAP16,Pettee
PHAP17,Pettee
PHAP18,Pettee
PHAP19,Pettee
PHAP20,Pettee
PKAP01,Philbrook
PKAP04,Philbrook
PKAP05,Philbrook
PKAP06,Philbrook
PKAP07,Philbrook
PKAP08,Philbrook
PKAP09,Philbrook
PKAP10,Philbrook
PKAP11,Philbrook
PLAP01,
PMAP01,
PMAP05,
PMAP08,
PNAP01,Presidents House
PNAP02,Presidents House
PRAP01,Parsons
PRAP02,Parsons
PRAP03,Parsons
PRAP04,Parsons
PRAP05,Parsons
PRAP06,Parsons
PRAP07,Parsons
PRAP08,Parsons
PRAP10,Parsons
PRAP12,Parsons
PRAP13,Parsons
PRAP14,Parsons
PRAP15,Parsons
PRAP17,Parsons
PRAP18,Parsons
PRAP20,Parsons
PRAP21,Parsons
PRAP22,Parsons
PRAP24,Parsons
PRAP25,Parsons
PRAP26,Parsons
PRAP28,Parsons
PRAP29,Parsons
PRAP31,Parsons
PRAP32,Parsons
PRAP33,Parsons
PRAP34,Parsons
PRAP36,Parsons
PRAP37,Parsons
PRAP38,Parsons
PRAP40,Parsons
PRAP41,Parsons
PRAP43,Parsons
PRAP44,Parsons
PRAP45,Parsons
PRAP46,Parsons
PRAP47,Parsons
PRAP48,Parsons
PRAP49,Parsons
PRAP50,Parsons
PRAP52,Parsons
PRAP53,Parsons
PRAP54,Parsons
PRAP55,Parsons
PRAP56,Parsons
PRAP57,Parsons
PRAP58,Parsons
PRAP59,Parsons
PRAP60,Parsons
PRAP61,Parsons
PRAP63,Parsons
PRAP64,Parsons
PRAP65,Parsons
PRAP66,Parsons
PRAP68,Parsons
PRAP69,Parsons
PRAP72,Parsons
PRAP73,Parsons
PRAP75,Parsons
PRAP76,Parsons
PRAP77,Parsons
PRAP78,Parsons
PRAP80,Parsons
PRAP81,Parsons
PRAP83,Parsons
PRAP84,Parsons
PRAP86,Parsons
PRAP87,Parsons
PRAP88,Parsons
PRAP89,Parsons
PRAP90,Parsons
PRAP91,Parsons
PRAP92,Parsons
PRAP95,Parsons
PRAP98,Parsons
PRAP99,Parsons
PTAP01,Putnam
PTAP02,Putnam
PTAP03,Putnam
PTAP04,Putnam
PTAP05,Putnam
PTAP06,Putnam
PTAP07,Putnam
PTAP08,Putnam
PTAP09,Putnam
PTAP10,Putnam
PTAP11,Putnam
RDAP01,Randall
RDAP02,Randall
RDAP03,Randall
RDAP04,Randall
RDAP05,Randall
RDAP06,Randall
RDAP07,Randall
RDAP08,Randall
RDAP09,Randall
RDAP10,Randall
RDAP11,Randall
RDAP12,Randall
RDAP13,Randall
RDAP14,Randall
RDAP15,Randall
RDAP16,Randall
RDAP17,Randall
RDAP18,Randall
RDAP19,Randall
RDAP20,Randall
RDAP21,Randall
RDAP22,Randall
RDAP23,Randall
RDAP24,Randall
RDAP25,Randall
RDAP26,Randall
RDAP27,Randall
RDAP28,Randall
RDAP29,Randall
RDAP30,Randall
RDAP31,Randall
RDAP32,Randall
RDAP33,Randall
RDAP34,Randall
RDAP35,Randall
RDAP36,Randall
RDAP37,Randall
RDAP38,Randall
RDAP39,Randall
RDAP40,Randall
RDAP41,Randall
RDAP42,Randall
RDAP43,Randall
RGAP01,
RGAP02,
RHAP01,Richardson
RHAP02,Richardson
RHAP03,Richardson
RHAP04,Richardson
RHAP05,Richardson
RHAP06,Richardson
RHAP07,Richardson
RHAP08,Richardson
RHAP09,Richardson
RHAP10,Richardson
RHAP11,Richardson
RHAP12,Richardson
RHAP13,Richardson
RMAP01,Rudman
RMAP02,Rudman
RMAP03,Rudman
RMAP04,Rudman
RMAP05,Rudman
RMAP06,Rudman
RMAP07,Rudman
RMAP08,Rudman
RMAP09,Rudman
RMAP10,Rudman
RMAP11,Rudman
RMAP12,Rudman
RMAP13,Rudman
RMAP14,Rudman
RMAP15,Rudman
RMAP16,Rudman
RMAP17,Rudman
RMAP18,Rudman
RMAP19,Rudman
RMAP22,Rudman
RMAP23,Rudman
RMAP24,Rudman
RMAP25,Rudman
RMAP26,Rudman
RMAP27,Rudman
RMAP28,Rudman
RMAP29,Rudman
RMAP30,Rudman
RMAP31,Rudman
RMAP32,Rudman
RMAP33,Rudman
RMAP34,Rudman
RMAP35,Rudman
RMAP36,Rudman
RMAP37,Rudman
RMAP38,Rudman
RMAP39,Rudman
RMAP40,Rudman
RMAP41,Rudman
RMAP42,Rudman
RMAP43,Rudman
RMAP44,Rudman
RMAP45,Rudman
RMAP46,Rudman
RMAP47,Rudman
RMAP48,Rudman
RMAP49,Rudman
RMAP50,Rudman
RMAP51,Rudman
RMAP52,Rudman
RMAP53,Rudman
RMAP54,Rudman
RMAP55,Rudman
RMAP56,Rudman
RMAP57,Rudman
RMAP58,Rudman
RMAP59,Rudman
RMAP60,Rudman
RSAP01,
RZAP01,Ritzman
RZAP02,Ritzman
SCAP01,Scott
SCAP02,Scott
SCAP03,Scott
SCAP04,Scott
SCAP05,Scott
SCAP06,Scott
SCAP07,Scott
SCAP08,Scott
SCAP09,Scott
SCAP10,Scott
SCAP11,Scott
SCAP12,Scott
SCAP13,Scott
SCAP14,Scott
SCAP15,Scott
SCAP16,Scott
SCAP17,Scott
SCAP18,Scott
SCAP19,Scott
SCAP20,Scott
SCAP21,Scott
SCAP22,Scott
SCAP23,Scott
SCAP24,Scott
SCAP25,Scott
SCAP26,Scott
SCAP27,Scott
SCAP28,Scott
SCAP29,Scott
SCAP30,Scott
SCAP31,Scott
SCAP32,Scott
SCAP33,Scott
SCAP34,Scott
SCAP35,Scott
SCAP36,Scott
SCAP37,Scott
SCAP38,Scott
SCAP39,Scott
SCAP40,Scott
SCAP41,Scott
SCAP42,Scott
SCAP43,Scott
SCAP44,Scott
SCAP45,Scott
SGAP01,Stillings
SGAP02,Stillings
SGAP03,Stillings
SGAP04,Stillings
SGAP05,Stillings
SGAP06,Stillings
SGAP07,Stillings
SMAP04,Smith
SMAP06,Smith
SMAP08,Smith
SPAP01,Rudman
SPAP02,Rudman
SPAP03,Rudman
SPAP04,Spaulding
SPAP05,Spaulding
SPAP06,Spaulding
SPAP07,Spaulding
SPAP08,Spaulding
SPAP09,Spaulding
SPAP10,Spaulding
SPAP11,Spaulding
SPAP12,Spaulding
SPAP13,Spaulding
SPAP14,Spaulding
SPAP15,Spaulding
SPAP16,Spaulding
SPAP17,Spaulding
SPAP18,Spaulding
SPAP19,Spaulding
SPAP20,Spaulding
SPAP21,Spaulding
SPAP23,Spaulding
SPAP24,Spaulding
SPAP25,Spaulding
SPAP26,Spaulding
SPAP27,Spaulding
SPAP28,Spaulding
SPAP29,Spaulding
SPAP30,Spaulding
SPAP31,Spaulding
SPAP32,Spaulding
SPAP33,Spaulding
SPAP34,Spaulding
SPAP35,Spaulding
SPAP36,Spaulding
SPAP37,Spaulding
SPAP38,Spaulding
SPAP39,Spaulding
SPAP40,Spaulding
SPAP41,Spaulding
SPAP42,Spaulding
SPAP43,Spaulding
SPAP44,Spaulding
SPAP45,Spaulding
SPAP46,Spaulding
SPAP47,Spaulding
SPAP48,Spaulding
SPAP49,Spaulding
SPAP50,Spaulding
SPAP51,Spaulding
SPAP52,Spaulding
SPAP53,Spaulding
SPAP54,Spaulding
SPAP55,Spaulding
SPAP56,Spaulding
SPAP57,Spaulding
SRAAP01,Handler
SRAAP02,Handler
SRAAP03,Handler
SRAAP04,Handler
SRAAP05,Handler
SRAAP06,Handler
SRAAP07,Handler
SRAAP08,Handler
SRAAP09,Handler
SRAAP10,Handler
SRAAP11,Handler
SRAAP12,Handler
SRAAP13,Handler
SRAAP14,Handler
SRAAP15,Handler
SRAAP16,Handler
SRAAP17,Handler
SRAAP18,Handler
SRAAP19,Handler
SRAAP20,Handler
SRAAP21,Handler
SRAAP22,Handler
SRAAP23,Handler
SRAAP24,Handler
SRAAP25,Handler
SRAAP26,Handler
SRAAP27,Handler
SRAAP28,Handler
SRAAP29,Handler
SRAAP30,Handler
SRAAP31,Handler
SRAAP32,Handler
SRAAP33,Handler
SRAAP34,Handler
SRAAP35,Handler
SRAAP36,Handler
SRAAP37,Handler
SRAAP38,Handler
SRAAP39,Handler
SRAAP40,Handler
SRAAP41,Handler
SRAAP42,Handler
SRAAP43,Handler
SRAAP44,Handler
SRAAP45,Handler
SRAAP46,Handler
SRAAP47,Handler
SRAAP48,Handler
SRAAP49,Handler
SRAAP50,Handler
SRAAP51,Handler
SRAAP52,Handler
SRAAP53,Handler
SRAAP54,Handler
SRAAP55,Handler
SRAAP56,Handler
SRAAP57,Handler
SRAAP58,Handler
SRAAP59,Handler
SRAAP60,Handler
SRAAP61,Handler
SRAAP62,Handler
SRAAP63,Handler
SRAAP64,Handler
SRAAP65,Handler
SRAAP66,Handler
SRAAP67,Handler
SRAAP68,Handler
SRAAP69,Handler
SRAAP70,Handler
SRAAP71,Handler
SRAAP72,Handler
SRAAP73,Handler
SRAAP74,Handler
SRAAP75,Handler
SRAAP76,Handler
SRAAP77,Handler
SRAAP78,Handler
SRAAP79,Handler
SRAAP80,Handler
SRAAP81,Handler
SRAAP82,Handler
SRAAP83,Handler
SRAAP84,Handler
SRAAP85,Handler
SRAAP86,Handler
SRAAP87,Handler
SRAAP88,Handler
SRBAP01,Peterson
SRBAP02,Peterson
SRBAP03,Peterson
SRBAP04,Peterson
SRBAP05,Peterson
SRBAP06,Peterson
SRBAP07,Peterson
SRBAP08,Peterson
SRBAP09,Peterson
SRBAP10,Peterson
SRBAP11,Peterson
SRBAP12,Peterson
SRBAP13,Peterson
SRBAP14,Peterson
SRBAP15,Peterson
SRBAP16,Peterson
SRBAP17,Peterson
SRBAP18,Peterson
SRBAP19,Peterson
SRBAP20,Peterson
SRBAP21,Peterson
SRBAP22,Peterson
SRBAP23,Peterson
SRBAP24,Peterson
SRBAP25,Peterson
SRBAP26,Peterson
SRBAP27,Peterson
SRBAP28,Peterson
SRBAP29,Peterson
SRBAP30,Peterson
SRBAP31,Peterson
SRBAP32,Peterson
SRBAP33,Peterson
SRBAP34,Peterson
SRBAP35,Peterson
SRBAP36,Peterson
SRBAP37,Peterson
SRBAP38,Peterson
SRBAP39,Peterson
SRBAP40,Peterson
SRBAP41,Peterson
SRBAP42,Peterson
SRBAP43,Peterson
SRBAP44,Peterson
SRBAP45,Peterson
SRBAP46,Peterson
SRBAP47,Peterson
SRBAP48,Peterson
SRBAP49,Peterson
SRBAP50,Peterson
SRBAP51,Peterson
SRBAP52,Peterson
SRBAP53,Peterson
SRBAP54,Peterson
SRBAP55,Peterson
SRBAP56,Peterson
SRBAP57,Peterson
SRBAP58,Peterson
SRBAP59,Peterson
SRBAP60,Peterson
SRBAP61,Peterson
SRBAP62,Peterson
SRBAP63,Peterson
SRBAP64,Peterson
SRBAP65,Peterson
SRBAP66,Peterson
SRBAP67,Peterson
SRBAP68,Peterson
SRBAP70,Peterson
SRCAP01,Haaland
SRCAP02,Haaland
SRCAP03,Haaland
SRCAP04,Haaland
SRCAP05,Haaland
SRCAP06,Haaland
SRCAP07,Haaland
SRCAP08,Haaland
SRCAP09,Haaland
SRCAP10,Haaland
SRCAP11,Haaland
SRCAP12,Haaland
SRCAP13,Haaland
SRCAP14,Haaland
SRCAP15,Haaland
SRCAP16,Haaland
SRCAP17,Haaland
SRCAP18,Haaland
SRCAP19,Haaland
SRCAP20,Haaland
SRCAP21,Haaland
SRCAP22,Haaland
SRCAP23,Haaland
SRCAP24,Haaland
SRCAP25,Haaland
SRCAP26,Haaland
SRCAP27,Haaland
SRCAP28,Haaland
SRCAP29,Haaland
SRCAP30,Haaland
SRCAP31,Haaland
SRCAP32,Haaland
SRCAP33,Haaland
SRCAP34,Haaland
SRCAP35,Haaland
SRCAP36,Haaland
SRCAP37,Haaland
SRCAP38,Haaland
SRCAP39,Haaland
SRCAP40,Haaland
SRCAP41,Haaland
SRCAP42,Haaland
SRCAP43,Haaland
SRCAP44,Haaland
SRCAP45,Haaland
SRCAP46,Haaland
SRCAP47,Haaland
SRCAP48,Haaland
SRCAP49,Haaland
SRCAP50,Haaland
SRCAP51,Haaland
SRCAP52,Haaland
SRCAP53,Haaland
SRCAP54,Haaland
SRCAP55,Haaland
SRCAP56,Haaland
SRCAP57,Haaland
SRCAP58,Haaland
SRCAP59,Haaland
SRCAP60,Haaland
SRCAP61,Haaland
SRCAP62,Haaland
SRCAP63,Haaland
SRCAP64,Haaland
SRCAP65,Haaland
SRCAP66,Haaland
SRCAP67,Haaland
SRCAP68,Haaland
SRCAP69,Haaland
SRCAP70,Haaland
SRCAP71,Haaland
SRCAP72,Haaland
SRCAP73,Haaland
SRCAP74,Haaland
SRCAP75,Haaland
SRCAP76,Haaland
SRCAP77,Haaland
STAP01,Stoke
STAP02,Stoke
STAP03,Stoke
STAP04,Stoke
STAP05,Stoke
STAP06,Stoke
STAP07,Stoke
STAP08,Stoke
STAP09,Stoke
STAP10,Stoke
STAP100,Stoke
STAP101,Stoke
STAP102,Stoke
STAP103,Stoke
STAP104,Stoke
STAP105,Stoke
STAP106,Stoke
STAP107,Stoke
STAP108,Stoke
STAP109,Stoke
STAP11,Stoke
STAP110,Stoke
STAP111,Stoke
STAP112,Stoke
STAP113,Stoke
STAP114,Stoke
STAP115,Stoke
STAP116,Stoke
STAP117,Stoke
STAP118,Stoke
STAP119,Stoke
STAP12,Stoke
STAP120,Stoke
STAP121,Stoke
STAP122,Stoke
STAP123,Stoke
STAP124,Stoke
STAP125,Stoke
STAP126,Stoke
STAP127,Stoke
STAP128,Stoke
STAP129,Stoke
STAP13,Stoke
STAP130,Stoke
STAP131,Stoke
STAP132,Stoke
STAP133,Stoke
STAP134,Stoke
STAP135,Stoke
STAP136,Stoke
STAP137,Stoke
STAP138,Stoke
STAP139,Stoke
STAP14,Stoke
STAP140,Stoke
STAP15,Stoke
STAP16,Stoke
STAP17,Stoke
STAP18,Stoke
STAP20,Stoke
STAP21,Stoke
STAP22,Stoke
STAP23,Stoke
STAP24,Stoke
STAP25,Stoke
STAP26,Stoke
STAP27,Stoke
STAP28,Stoke
STAP29,Stoke
STAP30,Stoke
STAP31,Stoke
STAP32,Stoke
STAP33,Stoke
STAP34,Stoke
STAP35,Stoke
STAP36,Stoke
STAP37,Stoke
STAP38,Stoke
STAP39,Stoke
STAP40,Stoke
STAP41,Stoke
STAP42,Stoke
STAP43,Stoke
STAP44,Stoke
STAP45,Stoke
STAP46,Stoke
STAP47,Stoke
STAP48,Stoke
STAP49,Stoke
STAP50,Stoke
STAP51,Stoke
STAP52,Stoke
STAP53,Stoke
STAP54,Stoke
STAP55,Stoke
STAP56,Stoke
STAP57,Stoke
STAP58,Stoke
STAP59,Stoke
STAP60,Stoke
STAP61,Stoke
STAP62,Stoke
STAP63,Stoke
STAP64,Stoke
STAP65,Stoke
STAP66,Stoke
STAP67,Stoke
STAP68,Stoke
STAP69,Stoke
STAP70,Stoke
STAP71,Stoke
STAP72,Stoke
STAP73,Stoke
STAP74,Stoke
STAP75,Stoke
STAP76,Stoke
STAP77,Stoke
STAP78,Stoke
STAP79,Stoke
STAP80,Stoke
STAP81,Stoke
STAP82,Stoke
STAP83,Stoke
STAP84,Stoke
STAP85,Stoke
STAP86,Stoke
STAP87,Stoke
STAP88,Stoke
STAP89,Stoke
STAP90,Stoke
STAP91,Stoke
STAP92,Stoke
STAP93,Stoke
STAP94,Stoke
STAP95,Stoke
STAP96,Stoke
STAP97,Stoke
STAP98,Stoke
STAP99,Stoke
SVAP01,Service Building
SVAP02,Service Building
SVAP03,Service Building
SVAP04,Service Building
SVAP05,Service Building
SVAP06,Service Building
SVAP07,Service Building
SVAP08,Service Building
SVAP09,Service Building
SVAP10,Service Building
SVAP11,Service Building
SWAP01,Sawyer
SWAP02,Sawyer
SWAP03,Sawyer
SWAP04,Sawyer
SWAP05,Sawyer
SWAP06,Sawyer
SWAP07,Sawyer
SWAP08,Sawyer
SWAP09,Sawyer
SWAP10,Sawyer
SWAP11,Sawyer
SWAP12,Sawyer
SWAP13,Sawyer
SWAP14,Sawyer
SWAP15,Sawyer
SWAP16,Sawyer
SWAP17,Sawyer
SWAP18,Sawyer
SWAP19,Sawyer
SWAP20,Sawyer
SWAP21,Sawyer
SWAP22,Sawyer
SWAP23,Sawyer
SWAP24,Sawyer
SWAP25,Sawyer
SWAP26,Sawyer
SWAP27,Sawyer
SWAP28,Sawyer
SWAP29,Sawyer
SWAP30,Sawyer
SWAP31,Sawyer
SWAP32,Sawyer
SWAP33,Sawyer
SWAP34,Sawyer
SWAP35,Sawyer
SWAP36,Sawyer
SWAP37,Sawyer
SWAP38,Sawyer
SWAP39,Sawyer
SWAP40,Sawyer
TCAP01,
TCAP02,
TCAP03,
TGAP01,
TGAP02,
THAP01,Thompson
THAP02,Thompson
THAP03,Thompson
THAP04,Thompson
THAP05,Thompson
THAP06,Thompson
THAP07,Thompson
THAP08,Thompson
TLAP01,Taylor
TLAP02,Taylor
TLAP03,Taylor
TLAP04,Taylor
TLAP05,Taylor
TLAP06,Taylor
TLAP07,Taylor
TLAP08,Taylor
TLAP09,Taylor
TM-FHAP01,Field House
TM-FHAP02,Field House
TM-FHAP03,
TM-MOAP01,
TM-MOAP02,
TVAP02,
TVAP04,
TVAP05,
ULAP01,
ULAP03,
ULAP04,
ULAP05,
ULAP06,
ULAP07,
ULAP08,
ULAP09,
ULAP10,
ULAP11,
ULAP12,
ULAP13,
ULAP14,
ULAP15,
ULAP16,
ULAP17,
ULAP18,
ULAP19,
ULAP20,
ULAP21,
ULAP22,
ULAP23,
ULAP24,
ULAP25,
ULAP26,
ULAP27,
ULAP28,
ULAP29,
ULAP30,
ULAP31,
ULAP32,
ULAP33,
ULAP34,
ULAP35,
ULAP36,
ULAP37,
ULAP38,
ULAP39,
ULAP40,
ULAP41,
ULAP42,
ULAP43,
ULAP44,
ULAP45,
ULAP46,
ULAP47,
ULAP48,
ULAP49,
ULAP50,
ULAP51,
ULAP52,
ULAP53,
ULAP54,
ULAP55,
ULAP56,
ULAP57,
ULAP58,
ULAP59,
ULAP60,
ULAP61,
ULAP62,
ULAP63,
ULAP64,
ULAP65,
ULAP66,
ULAP67,
ULAP68,
ULAP69,
ULAP70,
USAP01,
USAP02,
USAP03,
USAP04,
USAP05,
USAP06,
USAP07,
USAP08,
USAP09,
USAP10,
USAP11,
USAP12,
VCAP01,
VDAP01,
VDAP02,
VDAP03,
VDAP04,
VDAP05,
VDAP06,
WCAP10,Whittemore
WCAP11,Whittemore
WCAP12,Whittemore
WCAP13,Whittemore
WCAP14,Whittemore
WCAP15,Whittemore
WCAP16,Whittemore
WCAP17,Whittemore
WCAP18,Whittemore
WCAP19,Whittemore
WCAP20,Whittemore
WCAP21,Whittemore
WCAP22,Whittemore
WCAP23,Whittemore
WCAP24,Whittemore
WCAP25,Whittemore
WCAP26,Whittemore
WCAP27,Whittemore
WCAP28,Whittemore
WCAP29,Whittemore
WCAP30,Whittemore
WCAP31,Whittemore
WCAP32,Whittemore
WCAP33,Whittemore
WCAP34,Whittemore
WCAP35,Whittemore
WCAP36,Whittemore
WCAP37,Whittemore
WCAP38,Whittemore
WCAP39,Whittemore
WCAP40,Whittemore
WCAP41,Whittemore
WCAP42,Whittemore
WCAP43,Whittemore
WCAP44,Whittemore
WCAP45,Whittemore
WCAP46,Whittemore
WCAP47,Whittemore
WCAP48,Whittemore
WCAP49,Whittemore
WCAP50,Whittemore
WCAP51,Whittemore
WCAP52,Whittemore
WCAP53,Whittemore
WCAP54,Whittemore
WCAP55,Whittemore
WCAP56,Whittemore
WCAP57,Whittemore
WCAP58,Whittemore
WEAP01,
WEAP02,
WFAP01,
WHAP01,Woodman
WHAP02,Woodman
WMAP01,Williamson
WMAP02,Williamson
WMAP03,Williamson
WMAP04,Williamson
WMAP05,Williamson
WMAP06,Williamson
WMAP07,Williamson
WMAP08,Williamson
WMAP09,Williamson
WMAP10,Williamson
WMAP100,Williamson
WMAP101,Williamson
WMAP102,Williamson
WMAP103,Williamson
WMAP104,Williamson
WMAP105,Williamson
WMAP106,Williamson
WMAP107,Williamson
WMAP108,Williamson
WMAP109,Williamson
WMAP11,Williamson
WMAP110,Williamson
WMAP111,Williamson
WMAP112,Williamson
WMAP113,Williamson
WMAP114,Williamson
WMAP115,Williamson
WMAP116,Williamson
WMAP117,Williamson
WMAP118,Williamson
WMAP119,Williamson
WMAP12,Williamson
WMAP120,Williamson
WMAP121,Williamson
WMAP122,Williamson
WMAP123,Williamson
WMAP124,Williamson
WMAP125,Williamson
WMAP126,Williamson
WMAP127,Williamson
WMAP128,Williamson
WMAP129,Williamson
WMAP13,Williamson
WMAP130,Williamson
WMAP131,Williamson
WMAP132,Williamson
WMAP133,Williamson
WMAP14,Williamson
WMAP15,Williamson
WMAP16,Williamson
WMAP17,Williamson
WMAP18,Williamson
WMAP19,Williamson
WMAP20,Williamson
WMAP21,Williamson
WMAP22,Williamson
WMAP23,Williamson
WMAP24,Williamson
WMAP25,Williamson
WMAP26,Williamson
WMAP27,Williamson
WMAP28,Williamson
WMAP29,Williamson
WMAP30,Williamson
WMAP31,Williamson
WMAP32,Williamson
WMAP33,Williamson
WMAP34,Williamson
WMAP35,Williamson
WMAP36,Williamson
WMAP37,Williamson
WMAP38,Williamson
WMAP39,Williamson
WMAP40,Williamson
WMAP41,Williamson
WMAP42,Williamson
WMAP43,Williamson
WMAP44,Williamson
WMAP45,Williamson
WMAP46,Williamson
WMAP47,Williamson
WMAP48,Williamson
WMAP49,Williamson
WMAP50,Williamson
WMAP51,Williamson
WMAP52,Williamson
WMAP53,Williamson
WMAP54,Williamson
WMAP55,Williamson
WMAP56,Williamson
WMAP57,Williamson
WMAP58,Williamson
WMAP59,Williamson
WMAP60,Williamson
WMAP61,Williamson
WMAP62,Williamson
WMAP63,Williamson
WMAP64,Williamson
WMAP65,Williamson
WMAP66,Williamson
WMAP67,Williamson
WMAP68,Williamson
WMAP69,Williamson
WMAP70,Williamson
WMAP71,Williamson
WMAP72,Williamson
WMAP73,Williamson
WMAP74,Williamson
WMAP75,Williamson
WMAP76,Williamson
WMAP77,Williamson
WMAP78,Williamson
WMAP79,Williamson
WMAP80,Williamson
WMAP81,Williamson
WMAP82,Williamson
WMAP83,Williamson
WMAP84,Williamson
WMAP85,Williamson
WMAP86,Williamson
WMAP87,Williamson
WMAP88,Williamson
WMAP89,Williamson
WMAP90,Williamson
WMAP91,Williamson
WMAP92,Williamson
WMAP93,Williamson
WMAP94,Williamson
WMAP95,Williamson
WMAP96,Williamson
WMAP97,Williamson
WMAP98,Williamson
WMAP99,Williamson
WSAAP01,Woodside
WSAAP02,Woodside
WSAAP03,Woodside
WSAAP04,Woodside
WSAAP05,Woodside
WSAAP06,Woodside
WSAAP07,Woodside
WSAAP08,Woodside
WSAAP09,Woodside
WSAAP10,Woodside
WSAAP11,Woodside
WSAAP12,Woodside
WSAAP13,Woodside
WSAAP14,Woodside
WSAAP15,Woodside
WSAAP16,Woodside
WSAP01,Woodside
WSAP02,Woodside
WSDAP01,Woodside
WSDAP02,Woodside
WSDAP03,Woodside
WSDAP04,Woodside
WSDAP05,Woodside
WSDAP06,Woodside
WSDAP07,Woodside
WSDAP08,Woodside
WSDAP09,Woodside
WSDAP10,Woodside
WSDAP11,Woodside
WSDAP12,Woodside
WSDAP13,Woodside
WSDAP14,Woodside
WSDAP15,Woodside
WSDAP16,Woodside
WSGAP01,Woodside
WSGAP02,Woodside
WSGAP03,Woodside
WSGAP04,Woodside
WSGAP05,Woodside
WSGAP06,Woodside
WSGAP07,Woodside
WSGAP08,Woodside
WSGAP09,Woodside
WSGAP10,Woodside
WSGAP11,Woodside
WSGAP12,Woodside
WSGAP13,Woodside
WSGAP14,Woodside
WSGAP15,Woodside
WSGAP16,Woodside
WSGAP17,Woodside
WSGAP18,Woodside
WSJAP01,Woodside
WSJAP02,Woodside
WSJAP03,Woodside
WSJAP04,Woodside
WSJAP05,Woodside
WSJAP06,Woodside
WSJAP07,Woodside
WSJAP08,Woodside
WSJAP09,Woodside
WSJAP10,Woodside
WSJAP11,Woodside
WSJAP12,Woodside
WSJAP13,Woodside
WSJAP14,Woodside
WSJAP15,Woodside
WSJAP16,Woodside
WSMAP01,Woodside
WSMAP02,Woodside
WSMAP03,Woodside
WSMAP04,Woodside
WSMAP05,Woodside
WSMAP06,Woodside
WSMAP07,Woodside
WSMAP08,Woodside
WSMAP09,Woodside
WSMAP10,Woodside
WSMAP11,Woodside
WSMAP12,Woodside
WSMAP13,Woodside
WSMAP14,Woodside
WSMAP15,Woodside
WSMAP16,Woodside
WSPAP01,Woodside
WSPAP02,Woodside
WSPAP03,Woodside
WSPAP04,Woodside
WSPAP05,Woodside
WSPAP06,Woodside
WSPAP07,Woodside
WSPAP08,Woodside
WSPAP09,Woodside
WSPAP10,Woodside
WSPAP11,Woodside
WSPAP12,Woodside
WSPAP13,Woodside
WSPAP14,Woodside
WSPAP15,Woodside
WSPAP16,Woodside
WSPAP17,Woodside
WSPAP18,Woodside
WWAP01,
ZAAP01,Zais
ZAAP02,Zais
ZAAP03,Zais
ZAAP04,Zais
ZAAP05,Zais
ZAAP06,Zais
ZAAP07,Zais
ZAAP08,Zais
ZAAP09,Zais
